"","parr_id","SampleId","RGB_silver_area","cluster_1_area","cluster_2_area","cluster_3_area","cluster_4_area","cluster_5_area","cluster_6_area","stream","treatment","river_section","transect","length","weight","family"
"1",1,"parr_1_calibrated_control",0.00844661475518015,0.766545164597335,0.0948285681740517,0.174336484793257,0.0263697459847363,0.00165166875498348,0.00148080646998519,"A Chomair",0,"Exp",10,88,7.86,7
"2",2,"parr_2_calibrated_control",0.00349742642206678,0.841211983141588,0.136177241143638,0.0899305160041007,0.00307552112996924,0.00250598017997494,0.00125299008998747,"A Chomair",0,"Exp",10,95,9.09,10
"3",3,"parr_3_calibrated_control",0.0139237165104923,0.508884838819911,0.232828340357672,0.338592094771614,0.0278505524547215,0.00569540949994305,0.00125299008998747,"A Chomair",0,"Exp",10,100,10.58,10
"4",4,"parr_4_calibrated_control",0.00475122079978883,0.598302767969017,0.127918897368721,0.343661009226563,0.00660667501993393,0.00358810798496412,0.00233511789497665,"A Chomair",0,"Exp",15,96,9.05,5
"5",6,"parr_6_calibrated_control",0.0154414675993137,0.81603827315184,0.146485932338535,0.0414625811595854,0.0161180088848388,0.029103542544709,0.00170862284998291,"A Chomair",0,"Exp",20,84,6.71,7
"6",7,"parr_7_calibrated_control",0.00118780519994721,0.944925390135551,0.00506891445494931,0.0838933819341611,0.000569540949994305,0,0,"A Chomair",0,"Exp",25,86,6.48,5
"7",9,"parr_9_calibrated_control",0.00118780519994721,0.959220867980408,0.0156623761248434,0.0331472832896685,0.0128716254698713,0.00375897026996241,0.00318942931996811,"A Chomair",0,"Exp",25,88,7.34,5
"8",10,"parr_10_calibrated_control",0.00508116668866306,0.513213350039868,0.0422599384895774,0.479895204465201,0.00831529786991685,0.0152067433648479,0.00552454721494475,"A Chomair",0,"Exp",30,99,10.12,24
"9",11,"parr_11_calibrated_control",0.00118780519994721,0.959277822075407,0.0295591753047044,0.0229525002847705,0.00979610433990204,0,0.000227816379997722,"A Chomair",0,"Exp",30,88,7.2,16
"10",12,"parr_12_calibrated_control",0.0256697901544147,0.543057295819569,0.108611459163914,0.3799977218362,0.0191365759198086,0.0203326119147967,0.00461328169495387,"A Chomair",0,"Exp",40,99,10.12,29
"11",13,"parr_13_calibrated_control",0.000857859311072984,0.943672400045563,0.0333750996696663,0.0268823328397312,0.0240346280897597,0.0039298325549607,0.00108212780498918,"A Chomair",0,"Exp",50,87,7.98,16
"12",14,"parr_14_calibrated_control",0.00178170779992081,0.884098416676159,0.0704522155142955,0.0542202984394578,0.0190796218248092,0.00825834377491742,0.00575236359494248,"A Chomair",0,"Exp",60,88,7.51,29
"13",15,"parr_15_calibrated_control",0.00501517751088821,0.717621596992824,0.0639594486843604,0.292744048297073,0.00951133386490489,0.00159471465998405,0.00108212780498918,"A Chomair",0,"Exp",70,105,11.87,20
"14",16,"parr_16_calibrated_control",0.00844661475518015,0.861829365531382,0.126495044993735,0.0251737099897483,0.0244902608497551,0.000284770474997152,0.000797357329992026,"A Chomair",0,"Exp",75,87,6.74,16
"15",17,"parr_17_calibrated_control",0.00158374026659628,0.90705091696093,0.0526825378744732,0.051600410069484,0.00706230777992938,0.0166305957398337,0.00512586854994874,"A Chomair",0,"Lower",10,94,10.03,16
"16",18,"parr_18_calibrated_control",0.0518674937310281,0.382446747921176,0.27503132475225,0.408360861145916,0.0152067433648479,0.0324638341496754,0.00677753730493222,"A Chomair",0,"Lower",10,105,13.26,5
"17",19,"parr_19_calibrated_control",0.0401214200871057,0.390078596651099,0.190853172343091,0.469643467365304,0.0162888711698371,0.0249458936097505,0.00279075065497209,"A Chomair",0,"Lower",15,115,16.24,24
"18",20,"parr_20_calibrated_control",0.00772073379965686,0.606731974028933,0.0885636177241144,0.357614762501424,0.0156623761248434,0.0177696776398223,0.00632190454493678,"A Chomair",0,"Lower",15,104,11.98,24
"19",21,"parr_21_calibrated_control",0.0283753464431833,0.546930174279531,0.311937578311881,0.0987584007290124,0.0812165394691878,0.0431142499145689,0.00449937350495501,"A Chomair",0,"Lower",15,97,10.8,16
"20",23,"parr_23_calibrated_control",0.0743038141744754,0.383187151156168,0.437578311880624,0.180316664768197,0.0616243307893838,0.0120742681398793,0.00102517370998975,"A Chomair",0,"Lower",25,96,10.21,4
"21",24,"parr_24_calibrated_control",0.0226342879767718,0.525059801799749,0.0952272468390477,0.409329080760907,0.0339446406196606,0,0,"A Chomair",0,"Lower",30,83,6.33,24
"22",25,"parr_25_calibrated_control",0.0477761647089877,0.315411778106846,0.200478414397995,0.491741656225083,0.0435129285795649,0.0139537532748605,0.00153776056498462,"A Chomair",0,"Lower",30,83,6.34,5
"23",26,"parr_26_calibrated_control",0.138973208393823,0.240346280897597,0.34804647454152,0.351235903861488,0.0604852488893951,0.0745529103542545,0.00757489463492425,"A Chomair",0,"Lower",35,101,11.78,20
"24",27,"parr_27_calibrated_control",0.108222251550746,0.316323043626837,0.325663515206743,0.381877206971181,0.033204237384668,0.0153776056498462,0.00102517370998975,"A Chomair",0,"Lower",40,98,9.59,5
"25",28,"parr_28_calibrated_control",0.164247063481589,0.3399589930516,0.460359949880396,0.235334320537647,0.0244902608497551,0.0211299692447887,0,"A Chomair",0,"Lower",40,102,12.58,5
"26",29,"parr_29_calibrated_control",0.0430909330869737,0.430402095910696,0.371682423966283,0.185784257888142,0.0980179974940198,0.00404374074495956,0,"A Chomair",0,"Lower",40,91,9.31,16
"27",30,"parr_30_calibrated_control",0.0705424310413092,0.282606219387174,0.234707825492653,0.470383870600296,0.0720469301742795,0.0099100125299009,0.000569540949994305,"A Chomair",0,"Lower",45,79,5.79,24
"28",31,"parr_31_calibrated_control",0.155800448726409,0.300660667501993,0.600296161293997,0.0820138967991799,0.0690853172343091,0.00489805216995102,0,"A Chomair",0,"Lower",50,98,11.48,21
"29",32,"parr_32_calibrated_control",0.143064537415864,0.153491286023465,0.641417017883586,0.157421118578426,0.0626495044993735,0.0649276682993507,0.000284770474997152,"A Chomair",0,"Lower",65,92,9.33,3
"30",34,"parr_34_calibrated_control",0.0453345651313185,0.351919353001481,0.458765235220412,0.197061168698029,0.06099783574439,0,0,"A Chomair",0,"Lower",70,82,5.92,29
"31",35,"parr_35_calibrated_control",0.08512603932955,0.342521927326575,0.152921745073471,0.516630595739834,0.0485248889395148,0.00227816379997722,0.000398678664996013,"A Chomair",0,"Lower",80,90,7.5,5
"32",36,"parr_36_calibrated_control",0.0205226342879768,0.27497437065725,0.449367809545506,0.297186467707028,0.0545620230094544,0.0127577172798724,0.00165166875498348,"A Chomair",0,"Lower",90,93,8.77,24
"33",37,"parr_37_calibrated_control",0.0611059786195064,0.425845768310742,0.328283403576717,0.248604624672514,0.0701104909442989,0,0,"A Chomair",0,"Lower",90,84,6.49,7
"34",38,"parr_38_calibrated_control",0.173683515903392,0.184189543228158,0.678721950108213,0.155427725253446,0.0322929718646771,0.0306413031096936,0.000341724569996583,"A Chomair",0,"Lower",95,104,12,5
"35",39,"parr_39_calibrated_control",0.111257753728389,0.30897596537191,0.275771727987242,0.438831301970612,0.0354824011846452,0.0178835858298212,0.00136689827998633,"A Chomair",0,"Lower",95,96,9.04,5
"36",40,"parr_40_calibrated_control",0.171241916325723,0.107073698598929,0.678380225538216,0.166704636063333,0.0497209249345028,0.0813304476591867,0.00182253103998177,"A Chomair",0,"Lower",95,106,12.36,28
"37",41,"parr_41_calibrated_control",0.182987989969645,0.094600751794054,0.705832099327942,0.195067775373049,0.0366784371796332,0.0443672400045563,0.000512586854994874,"A Chomair",0,"Lower",95,96,9.24,29
"38",42,"parr_42_calibrated_control",0.122673881483437,0.182253103998177,0.6299692447887,0.209875840072901,0.0599157079394008,0.0111060485248889,0.000512586854994874,"A Chomair",0,"Lower",105,100,11.3,21
"39",43,"parr_43_calibrated_control",0.131912366371915,0.256521243877435,0.675589474883244,0.0323499259596765,0.0725595170292744,0.00535368492994646,0.000284770474997152,"A Chomair",0,"Lower",105,102,11.42,3
"40",44,"parr_44_calibrated_control",0.0969381021512472,0.267057751452329,0.50598017997494,0.223089190112769,0.0700535368492995,0.0162888711698371,0,"A Chomair",0,"Lower",105,90,7.94,29
"41",45,"parr_45_calibrated_control",0.0484360564867362,0.401070736985989,0.303166647681968,0.308520332611915,0.040095682879599,0.021699510194783,0.00296161293997038,"A Chomair",0,"Lower",105,85,7.42,24
"42",46,"parr_46_calibrated_control",0.0699485284413356,0.307779929376922,0.279929376922201,0.442761134525572,0.0303565326346964,0.00711926187492881,0.0013099441849869,"A Chomair",0,"Lower",105,87,6.54,5
"43",47,"parr_47_calibrated_control",0.0558928335752936,0.352261077571477,0.378459961271215,0.289212894407108,0.0620230094543798,0.00529673083494703,0,"A Chomair",0,"Lower",110,81,6.16,4
"44",48,"parr_48_calibrated_control",0.101557344595486,0.246782093632532,0.475851463720242,0.234138284542659,0.0918100011390819,0.0109921403348901,0.00290465884497095,"A Chomair",0,"Lower",120,86,6.99,20
"45",50,"parr_50_calibrated_control",0.0510096344199551,0.263640505752364,0.295648707142043,0.44902608497551,0.0498917872195011,0.0156054220298439,0.00182253103998177,"A Chomair",0,"Lower",120,82,6.4,24
"46",51,"parr_51_calibrated_control",0.142140688927016,0.0965941451190341,0.788187720697118,0.0369632076546304,0.0758628545392414,0.04300034172457,0.00108212780498918,"A Chomair",0,"Lower",130,106,12.32,28
"47",52,"parr_52_calibrated_control",0.162597334037218,0.21101492197289,0.696719444128033,0.0748376808292516,0.0644720355393553,0.0156054220298439,0.000284770474997152,"A Chomair",0,"Lower",130,94,9.21,3
"48",53,"parr_53_calibrated_control",0.185891513791738,0.122394350153776,0.729411094657706,0.0595739833694043,0.123533432053765,0.02500284770475,0.000170862284998291,"A Chomair",0,"Lower",130,102,12.07,28
"49",54,"parr_54_calibrated_control",0.0571466279530157,0.153889964688461,0.554618977104454,0.293598359722064,0.0788244674792117,0.00973915024490261,0.000227816379997722,"A Chomair",0,"Lower",135,92,8.26,28
"50",55,"parr_55_calibrated_control",0.182592054902996,0.185670349698143,0.471409044310286,0.342294110946577,0.0316095227246839,0.0957398336940426,0.00216425560997836,"A Chomair",0,"Lower",140,108,14.29,29
"51",56,"parr_56_calibrated_treatment",0.0155074567770886,0.557295819569427,0.342806697801572,0.0887914341041121,0.059403121084406,0.0178266317348217,0.00102517370998975,"Chaiseachain",1,"Exp",10,107,14.58,30
"52",57,"parr_57_calibrated_treatment",0.000329945888874225,0.804362683676956,0.15195352545848,0.0709648023692904,0.0309830276796902,0.0199339332498007,0.00643581273493564,"Chaiseachain",1,"Lower",95,122,20.3,15
"53",58,"parr_58_calibrated_treatment",0.000527913422198759,0.712324866157877,0.187208110263128,0.177127235448229,0.0138398450848616,0.0189657136348103,0.00324638341496754,"Chaiseachain",1,"Lower",65,121,21.5,30
"54",59,"parr_59_calibrated_treatment",0.000461924244423914,0.94196377719558,0.0140676614648593,0.0308691194896913,0.00284770474997152,0.0219273265747807,0.0103656452898963,"Chaiseachain",1,"Lower",65,112,16.48,9
"55",60,"parr_60_calibrated_treatment",0.00138577273327174,0.790295022212097,0.121881763298781,0.103143866043969,0.0170292744048297,0.0270531951247295,0.00831529786991685,"Chaiseachain",1,"Exp",15,112,16.85,2
"56",61,"parr_61_calibrated_treatment",0.000725880955523294,0.582583437749174,0.13703155256863,0.3200250598018,0.0175418612598246,0.039298325549607,0.00575236359494248,"Chaiseachain",1,"Exp",20,113,16.59,9
"57",62,"parr_62_calibrated_treatment",0.000461924244423914,0.581273493564187,0.170634468618294,0.314785283061852,0.0263697459847363,0.0176557694498234,0.0052397767399476,"Chaiseachain",1,"Exp",25,132,24.83,24
"58",63,"parr_63_calibrated_treatment",0.000461924244423914,0.769506777537305,0.134183847818658,0.146827656908532,0.00199339332498007,0.0254584804647454,0.00643581273493564,"Chaiseachain",1,"Exp",25,115,17.55,7
"59",64,"parr_64_calibrated_treatment",0.000725880955523294,0.742510536507575,0.0754641758742454,0.252363594942476,0.00438546531495615,0.0197061168698029,0.00541063902494589,"Chaiseachain",1,"Exp",30,131,24.68,8
"60",65,"parr_65_calibrated_treatment",0.000461924244423914,0.655655541633443,0.0787675133842123,0.329080760906709,0.0128146713748719,0.00660667501993393,0.00307552112996924,"Chaiseachain",1,"Exp",50,115,17.65,9
"61",66,"parr_66_calibrated_treatment",6.59891777748449e-05,0.699510194783005,0.119717507688803,0.235789953297642,0.0103086911948969,0.0181683563048183,0.00364506207996355,"Chaiseachain",1,"Exp",50,115,16.39,30
"62",67,"parr_67_calibrated_treatment",6.59891777748449e-05,0.645119034058549,0.0479553479895204,0.370087709306299,0.00187948513498121,0.0263697459847363,0.00313247522496868,"Chaiseachain",1,"Exp",55,114,17.6,9
"63",68,"parr_68_calibrated_treatment",0.0196647749769038,0.526711470554733,0.188802824923112,0.330846337851692,0.0389566009796104,0.0194783004898052,0.0039298325549607,"Chaiseachain",1,"Exp",60,122,20.33,19
"64",69,"parr_69_calibrated_treatment",0.000593902599973604,0.686125982458139,0.140904431028591,0.228215058662718,0.0195922086798041,0.0164597334548354,0.00341724569996583,"Chaiseachain",1,"Exp",75,123,19.9,23
"65",70,"parr_70_calibrated_treatment",0.000791870133298139,0.606276341268937,0.0847476933591525,0.365702243991343,0.0272240574097278,0.026597562364734,0.00381592436496184,"Chaiseachain",1,"Exp",70,120,19.44,30
"66",71,"parr_71_calibrated_treatment",6.59891777748449e-05,0.812165394691878,0.124672513953753,0.0533659870144663,0.0685157762843148,0.000740403234992596,0.000341724569996583,"Chaiseachain",1,"Exp",85,108,13.44,7
"67",72,"parr_72_calibrated_treatment",0.00963441995512736,0.356817405171432,0.353627975851464,0.324638341496754,0.0405513156395945,0.0357671716596423,0.00398678664996013,"Chaiseachain",1,"Exp",90,132,23.02,14
"68",73,"parr_73_calibrated_treatment",0.00296951299986802,0.584633785169154,0.172513953753275,0.258913315867411,0.040095682879599,0.0362797585146372,0.00358810798496412,"Chaiseachain",1,"Exp",90,128,22.88,20
"69",74,"parr_74_calibrated_treatment",0.000593902599973604,0.968903064130311,0.0230664084747693,0.00706230777992938,0.0161749629798382,0.00165166875498348,0.000797357329992026,"Chaiseachain",1,"Exp",90,95,10.38,2
"70",75,"parr_75_calibrated_treatment",0.000725880955523294,0.687891559403121,0.0898166078141018,0.265861715457341,0.0274518737897255,0.0193643922998064,0.00438546531495615,"Chaiseachain",1,"Exp",100,130,23.65,20
"71",76,"parr_76_calibrated_treatment",0.000197967533324535,0.922713293085773,0.0467593119945324,0.0118464517598815,0.0272240574097278,0.0112769108098872,0.000683449139993166,"Chaiseachain",1,"Exp",95,106,12.97,9
"72",77,"parr_77_calibrated_treatment",0.00237561039989442,0.895432281581046,0.0664084747693359,0.0488096594145119,0.0300717621596993,0,0,"Chaiseachain",1,"Lower",45,102,12.43,4
"73",78,"parr_78_calibrated_treatment",0.0210505477101755,0.49196947260508,0.425731860120743,0.0682879599043171,0.0583779473744162,0.0235220412347648,0,"Chaiseachain",1,"Lower",50,100,11.63,1
"74",79,"parr_79_calibrated_treatment",0.00112181602217236,0.831871511561681,0.116812848843832,0.0251167558947488,0.0830390705091696,0.00563845540494362,0.000227816379997722,"Chaiseachain",1,"Lower",50,111,16.41,15
"75",80,"parr_80_calibrated_treatment",0.0250098983766662,0.205547328852945,0.507119261874929,0.293142726962069,0.0447089645745529,0.0328625128146714,0,"Chaiseachain",1,"Lower",50,120,20.14,19
"76",81,"parr_81_calibrated_treatment",0.0151775108882143,0.49794965258002,0.315582640391844,0.116357216083836,0.164939059118351,0.00222120970497779,0.000455632759995444,"Chaiseachain",1,"Lower",20,118,18.4,2
"77",82,"parr_82_calibrated_treatment",0.0032334697109674,0.537874473174621,0.33597220640164,0.126210274518738,0.078596651099214,0.0289896343547101,0.00410069483995899,"Chaiseachain",1,"Lower",20,122,21.01,8
"78",83,"parr_83_calibrated_treatment",0.000197967533324535,0.900729012415993,0.0567832327144322,0.0234081330447659,0.0346280897596537,0.0198769791548012,0.0033602916049664,"Chaiseachain",1,"Lower",10,118,18.98,9
"79",84,"parr_84_calibrated_treatment",0.00382737231094101,0.469244788700308,0.342351065041576,0.223430914682766,0.0715343433192847,0.017598815354824,0.00227816379997722,"Chaiseachain",1,"Lower",10,126,22.29,12
"80",85,"parr_85_calibrated_treatment",0.0223703312656724,0.514865018794851,0.270247180772298,0.225936894862741,0.0815582640391844,0.0284770474997152,0.00381592436496184,"Chaiseachain",1,"Exp",30,122,19.78,23
"81",86,"parr_86_calibrated_treatment",0.029365184109806,0.309146827656909,0.475452785055245,0.131905684018681,0.143809089873562,0.0321790636746782,0.00279075065497209,"Chaiseachain",1,"Exp",75,118,17.89,9
"82",87,"parr_87_calibrated_treatment",0.0026395671109938,0.707939400842921,0.183847818658162,0.0128146713748719,0.154858184303451,0.0059801799749402,0.00108212780498918,"Chaiseachain",1,"Exp",90,117,14.58,19
"83",88,"parr_88_calibrated_treatment",0.062557740530553,0.484850210730151,0.324239662831758,0.193530014808065,0.0857728670691423,0.0232372707597676,0.00165166875498348,"Chaiseachain",1,"Exp",90,122,18.72,26
"84",89,"parr_89_calibrated_treatment",0.00158374026659628,0.798154687322018,0.133386490488666,0.0567262786194327,0.0677184189543228,0.00677753730493222,0.000854311424991457,"Chaiseachain",1,"Lower",40,114,16.26,2
"85",90,"parr_90_calibrated_treatment",0.00897452817737891,0.707711584462923,0.192390932908076,0.127748035083723,0.0393552796446064,0.0144663401298553,0.00153776056498462,"Chaiseachain",1,"Lower",25,124,19.79,14
"86",91,"parr_91_calibrated_treatment",0.0527253530421011,0.363708850666363,0.478243535710218,0.20400956828796,0.0472718988495273,0.0105934616698941,0.000569540949994305,"Chaiseachain",1,"Lower",15,126,24.56,22
"87",92,"parr_92_calibrated_treatment",0.0570806387752409,0.425162319170748,0.502392071989976,0.110377036108896,0.0711356646542886,0.00387287845996127,0.000170862284998291,"Chaiseachain",1,"Lower",145,121,20.85,4
"88",93,"parr_93_calibrated_control",0.00211165368879504,0.732714432167673,0.0431712040095683,0.292630140107074,0.00484109807495159,0.00159471465998405,0,"Mhartiun",0,"Exp",15,122,20.75,15
"89",94,"parr_94_calibrated_control",0.00692886366635872,0.584747693359153,0.21095796787789,0.283574439002164,0.00746098644492539,0.00159471465998405,0.00108212780498918,"Mhartiun",0,"Exp",20,107,13.51,20
"90",95,"parr_95_calibrated_control",0.00369539395539132,0.912461555985875,0.0578653605194213,0.0305843490146942,0.0214716938147853,0.00563845540494362,0.000968219614990318,"Mhartiun",0,"Exp",30,92,9.34,1
"91",96,"parr_96_calibrated_control",0.0137257489771677,0.54100694839959,0.208053309032919,0.288529445267115,0.0345141815696549,0.0132703041348673,0.00148080646998519,"Mhartiun",0,"Exp",35,113,16.02,18
"92",98,"parr_98_calibrated_control",0.0370859179094628,0.461840756350382,0.0919239093290808,0.480920378175191,0.0224399134297756,0.00136689827998633,0,"Mhartiun",0,"Exp",40,103,11.34,12
"93",99,"parr_99_calibrated_control",0.0345783291540187,0.353400159471466,0.144606447203554,0.521414739719786,0.0194783004898052,0.035197630709648,0.0039298325549607,"Mhartiun",0,"Lower",20,114,15.91,24
"94",100,"parr_100_calibrated_control",0.0700145176191105,0.33802255382162,0.214830846337852,0.494532406880055,0.00820138967991799,0.0305273949196947,0.000911265519990887,"Mhartiun",0,"Lower",25,114,16.8,10
"95",101,"parr_101_calibrated_control",0.00976639831067705,0.593689486274063,0.224513042487755,0.256179519307438,0.0177696776398223,0.0199339332498007,0.0020503474199795,"Mhartiun",0,"Lower",25,100,13.44,6
"96",102,"parr_102_calibrated_control",0.0104262900884255,0.637942818088621,0.107586285453924,0.293940084292061,0.0296730834947033,0.017200136689828,0.00438546531495615,"Mhartiun",0,"Exp",45,98,10.5,22
"97",103,"parr_103_calibrated_control",0.0026395671109938,0.892299806356077,0.0817291263241827,0.0435129285795649,0.0185670349698143,0,0,"Mhartiun",0,"Exp",45,92,9.14,2
"98",104,"parr_104_calibrated_control",0.00158374026659628,0.771443216767286,0.0258571591297414,0.263640505752364,0.00535368492994646,0.0145802483198542,0.0020503474199795,"Mhartiun",0,"Exp",50,104,11.2,15
"99",105,"parr_105_calibrated_control",0.00739078791078263,0.545791092379542,0.0587196719444128,0.429547784485705,0.0125299008998747,0.0151497892698485,0.00330333750996697,"Mhartiun",0,"Exp",55,106,13.05,12
"100",106,"parr_106_calibrated_control",0.0644054375082486,0.349641189201504,0.145745529103543,0.523066408474769,0.0302426244446976,0.0149789269848502,0.000683449139993166,"Mhartiun",0,"Lower",55,100,11.05,20
"101",107,"parr_107_calibrated_control",0.141876732215917,0.283802255382162,0.454322815810457,0.308235562136918,0.0309830276796902,0.0194213463948058,0.00108212780498918,"Mhartiun",0,"Lower",80,119,17.25,5
"102",108,"parr_108_calibrated_control",0.00917249571070345,0.536222804419638,0.0731860120742681,0.428864335345711,0.0137259368948627,0.0162888711698371,0.00170862284998291,"Mhartiun",0,"Lower",90,99,10.12,13
"103",109,"parr_109_calibrated_control",0.0377458096872113,0.559460075179405,0.143410411208566,0.327144321676729,0.0473858070395261,0.00421460302995785,0.00170862284998291,"Mhartiun",0,"Lower",90,102,11.5,20
"104",110,"parr_110_calibrated_control",0.0103603009106507,0.54903747579451,0.227303793142727,0.275088278847249,0.0301287162546987,0.01799749401982,0.000797357329992026,"Mhartiun",0,"Lower",105,109,14.52,9
"105",111,"parr_111_calibrated_control",0.00277154546654349,0.663856931313361,0.0758628545392414,0.31404487982686,0.00444241940995558,0.00620799635493792,0.000911265519990887,"Mhartiun",0,"Lower",105,109,12.85,20
"106",112,"parr_112_calibrated_control",0.00125379437772205,0.82703041348673,0.0314386604396856,0.17399476022326,0.0213577856247864,0.00159471465998405,0,"Mhartiun",0,"Lower",135,89,7.41,12
"107",113,"parr_113_calibrated_control",0.0308169460208526,0.463321562820367,0.34702130083153,0.20902152864791,0.0604852488893951,0.0039298325549607,0,"Mhartiun",0,"Lower",15,95,10.8,18
"108",114,"parr_114_calibrated_control",0.165632836214861,0.181854425333181,0.40898735619091,0.4500512586855,0.0268253787447317,0.0397539583096025,0.00381592436496184,"Mhartiun",0,"Lower",110,118,16.48,13
"109",115,"parr_115_calibrated_control",0.141282829615943,0.156282036678437,0.550803052739492,0.287845996127122,0.0220412347647796,0.0600865702243991,0.000512586854994874,"Mhartiun",0,"Lower",150,105,12.16,26
"110",116,"parr_116_calibrated_control",0.0468523162201399,0.303166647681968,0.50603713406994,0.211185784257888,0.0387287845996127,0.0113338649048867,0,"Mhartiun",0,"Lower",150,110,13.94,15
"111",117,"parr_117_calibrated_control",0.0194668074435793,0.659813190568402,0.258400729012416,0.0791661920492083,0.0555302426244447,0.00535368492994646,0,"Mhartiun",0,"Lower",30,91,8.55,12
"112",118,"parr_118_calibrated_control",0.151313184637719,0.286934730607131,0.422827201275772,0.287048638797129,0.0699965827543,0.0169153662148308,0,"Mhartiun",0,"Lower",85,107,12.77,11
"113",119,"parr_119_calibrated_control",0.0473802296423387,0.461612939970384,0.227531609522725,0.329821164141702,0.0369062535596309,0,0,"Mhartiun",0,"Lower",145,89,8.3,12
"114",120,"parr_120_calibrated_control",0.0896792925960143,0.312734935641873,0.260394122337396,0.423738466795763,0.052397767399476,0.013498120514865,0,"Mhartiun",0,"Lower",130,91,7.23,12
"115",121,"parr_121_calibrated_control",0.0506796885310809,0.339218589816608,0.430060371340699,0.241713179177583,0.0435698826745643,0.0114477730948855,0.00142385237498576,"Mhartiun",0,"Lower",115,90,8,11
"116",122,"parr_122_calibrated_control",0.0911310545070608,0.293655313817063,0.523237270759768,0.185157762843148,0.0571819113794282,0,0,"Mhartiun",0,"Lower",115,101,11.25,1
"117",123,"parr_123_calibrated_control",0.0546390391975716,0.319455518851805,0.446292288415537,0.249857614762501,0.0454493678095455,0.00831529786991685,0.00199339332498007,"Mhartiun",0,"Lower",150,93,9.95,6
"118",124,"parr_124_calibrated_control",0.132176323083014,0.270304134867297,0.596765007404032,0.153206515548468,0.0148650187948514,0.0320651554846794,0.00102517370998975,"Mhartiun",0,"Exp",25,104,12.03,14
"119",125,"parr_125_calibrated_treatment",0.0654612643526462,0.332498006606675,0.189087595398109,0.518054448114819,0.0195352545848046,0.0209591069597904,0,"Coire a Ghormachain",1,"Exp",10,93,8.56,19
"120",126,"parr_126_calibrated_treatment",0.179490563547578,0.0563275999544367,0.459505638455405,0.487356190910126,0.031495614534685,0.0660097961043399,0,"Coire a Ghormachain",1,"Exp",15,97,10.24,19
"121",127,"parr_127_calibrated_treatment",0.00415731819981523,0.735106504157649,0.109181000113908,0.188631962638114,0.0483540266545165,0.00233511789497665,0.000683449139993166,"Coire a Ghormachain",1,"Exp",50,98,10.54,18
"122",128,"parr_128_calibrated_treatment",0.00600501517751089,0.586057637544139,0.0894179291491058,0.3699738011163,0.0158332384098417,0.00244902608497551,0.000512586854994874,"Coire a Ghormachain",1,"Belowextra",NA,105,11.69,13
"123",129,"parr_129_calibrated_treatment",0.00296951299986802,0.779872422827201,0.131563959448684,0.117154573413828,0.0358241257546418,0.000797357329992026,0,"Coire a Ghormachain",1,"Belowextra",NA,93,8.32,12
"124",130,"parr_130_calibrated_treatment",0.0019136861554705,0.923909329080761,0.0323499259596765,0.0580362228044196,0.0260280214147397,0,0.000512586854994874,"Coire a Ghormachain",1,"Belowextra",NA,86,6.56,2
"125",131,"parr_131_calibrated_treatment",0.00534512339976244,0.538671830504613,0.101720013668983,0.418726506435813,0.00763184872992368,0.00546759311994532,0,"Coire a Ghormachain",1,"Belowextra",NA,95,9.19,6
"126",132,"parr_132_calibrated_treatment",0.000593902599973604,0.903234992595968,0.0465314956145347,0.0641303109693587,0.0157193302198428,0,0,"Coire a Ghormachain",1,"Belowextra",NA,88,7.52,12
"127",133,"parr_133_calibrated_treatment",0.000725880955523294,0.912803280555872,0.0665223829593348,0.0277935983597221,0.0236929035197631,0,0,"Coire a Ghormachain",1,"Exp",65,90,8.44,19
"128",134,"parr_134_calibrated_treatment",0.00877656064405438,0.588107984964119,0.131222234878688,0.371283745301287,0.00256293427497437,0.00182253103998177,0,"Coire a Ghormachain",1,"Lower",65,113,14.56,17
"129",135,"parr_135_calibrated_treatment",0.00204566451102019,0.441052511675589,0.107073698598929,0.506378858639936,0.0139537532748605,0.0144093860348559,0.000854311424991457,"Coire a Ghormachain",1,"Lower",70,104,11.98,12
"130",136,"parr_136_calibrated_treatment",0.00026395671109938,0.977104453810229,0.00939742567490603,0.0147511106048525,0.0143524319398565,0,0,"Coire a Ghormachain",1,"Lower",15,85,6.47,19
"131",138,"parr_138_calibrated_control",0.00389336148871585,0.711071876067889,0.0595739833694043,0.260394122337396,0.0214147397197859,0.00780271101492197,0.00216425560997836,"Coire nan Laogh",0,"Exp",5,89,7.71,24
"132",139,"parr_139_calibrated_control",0.00270555628876864,0.82896685271671,0.114420776853856,0.071705205604283,0.0275088278847249,0.00142385237498576,0,"Coire nan Laogh",0,"Exp",15,86,7.39,16
"133",140,"parr_140_calibrated_control",0.00422330737759008,0.552340813304477,0.0881079849641189,0.412404601890876,0.0188518054448115,0.00176557694498234,0.000227816379997722,"Coire nan Laogh",0,"Exp",25,100,11.66,3
"134",141,"parr_141_calibrated_control",0.00527913422198759,0.470839503360292,0.356874359266431,0.152693928693473,0.047499715229525,0.0375897026996241,0.00449937350495501,"Coire nan Laogh",0,"Exp",30,91,9.67,3
"135",142,"parr_142_calibrated_control",0.000527913422198759,0.971522952500285,0.0284770474997152,0.000854311424991457,0.0168584121198314,0,0,"Coire nan Laogh",0,"Exp",35,86,7.73,16
"136",143,"parr_143_calibrated_control",0.0432229114425234,0.455860576375441,0.316607814101834,0.281467137487185,0.0138398450848616,0.0033602916049664,0.00125299008998747,"Coire nan Laogh",0,"Exp",40,98,11.84,16
"137",144,"parr_144_calibrated_control",0.00758875544410717,0.611459163913885,0.215400387287846,0.21699510194783,0.0274518737897255,0.00239207198997608,0,"Coire nan Laogh",0,"Exp",50,105,13.31,16
"138",145,"parr_145_calibrated_control",0.00950244159957767,0.718362000227816,0.185157762843148,0.115616812848844,0.052397767399476,0.00472718988495273,0.00165166875498348,"Coire nan Laogh",0,"Exp",55,105,14.01,28
"139",146,"parr_146_calibrated_control",0.0275174871321103,0.379314272696207,0.477730948855223,0.15098530584349,0.0514295477844857,0.0338307324296617,0.00222120970497779,"Coire nan Laogh",0,"Exp",55,100,11.51,16
"140",147,"parr_147_calibrated_control",0.0792530025075888,0.517883585829821,0.255439116072446,0.259425902722406,0.038500968219615,0.000512586854994874,0,"Coire nan Laogh",0,"Exp",65,110,14.25,16
"141",148,"parr_148_calibrated_control",0.00811666886630593,0.710331472832897,0.0987584007290124,0.202927440482971,0.0234650871397653,0.0211869233397881,0.00404374074495956,"Coire nan Laogh",0,"exp",75,104,12.31,29
"142",149,"parr_149_calibrated_control",0.00158374026659628,0.939628659300604,0.0519421346394806,0.00979610433990204,0.011903405854881,0.00871397653491286,0.00324638341496754,"Coire nan Laogh",0,"Exp",75,85,7.58,16
"143",150,"parr_150_calibrated_control",0.105648673617527,0.387572616471124,0.184816038273152,0.484679348445153,0.00951133386490489,0.0105934616698941,0.000455632759995444,"Coire nan Laogh",0,"Exp",10,113,14.56,14
"144",151,"parr_151_calibrated_control",0.0958162861290748,0.380054675931199,0.302198428066978,0.34804647454152,0.0384440141246156,0.0170862284998291,0.00273379655997266,"Coire nan Laogh",0,"Exp",10,97,11.23,28
"145",152,"parr_152_calibrated_control",0.00244159957766926,0.884326233056157,0.0521129969244789,0.0574097277594259,0.0406652238295933,0,0,"Coire nan Laogh",0,"Exp",20,91,9.09,16
"146",153,"parr_153_calibrated_control",0.0336544806651709,0.472548126210275,0.104624672513954,0.45802483198542,0.0273949196947261,0.00723317006492767,0.000512586854994874,"Coire nan Laogh",0,"Exp",25,99,10.63,24
"147",154,"parr_154_calibrated_control",0.137917381549426,0.212723544822873,0.613623419523864,0.202927440482971,0.0385579223146144,0.0101947830048981,0,"Coire nan Laogh",0,"Exp",45,104,12.13,29
"148",155,"parr_155_calibrated_control",0.0515375478421539,0.252705319512473,0.478357443900216,0.330675475566693,0.0160610547898394,0.0248319854197517,0.000284770474997152,"Coire nan Laogh",0,"Exp",45,91,8.84,3
"149",156,"parr_156_calibrated_control",0.0220403853767982,0.56902836313931,0.203440027337966,0.238580703952614,0.0517712723544823,0.0239207198997608,0.00216425560997836,"Coire nan Laogh",0,"Exp",60,103,11.8,28
"150",157,"parr_157_calibrated_control",0.042563019664775,0.445779701560542,0.476364050575236,0.0941451190340585,0.0480123020845199,0.000854311424991457,0,"Coire nan Laogh",0,"Exp",60,93,9.64,16
"151",158,"parr_158_calibrated_control",0.0668470370859179,0.356874359266431,0.567490602574325,0.0713065269392869,0.0607700193643923,0,0,"Coire nan Laogh",0,"Lower",5,96,10.81,16
"152",159,"parr_159_calibrated_control",0.0601821301306586,0.328682082241713,0.527508827884725,0.151668754983483,0.0518282264494817,0.00455632759995444,0,"Coire nan Laogh",0,"Lower",5,94,10.19,16
"153",160,"parr_160_calibrated_control",0.0197967533324535,0.396058776626039,0.479496525800205,0.131450051258686,0.0581501309944185,0,0,"Coire nan Laogh",0,"Lower",15,104,12.57,29
"154",161,"parr_161_calibrated_control",0.0355021776428666,0.249458936097505,0.481831643695182,0.318772069711812,0.0205604282947944,0.00882788472491172,0,"Coire nan Laogh",0,"Lower",15,94,9.96,4
"155",162,"parr_162_calibrated_control",0.196779728124588,0.0843490146941565,0.820822417131792,0.0338307324296617,0.0693700877093063,0.0347419979496526,0,"Coire nan Laogh",0,"Lower",20,91,9.46,19
"156",163,"parr_163_calibrated_control",0.229510360300911,0.0418612598245814,0.825549607016745,0.0273379655997266,0.0489805216995102,0.107415423168926,0.000683449139993166,"Coire nan Laogh",0,"Lower",20,99,10.48,24
"157",164,"parr_164_calibrated_control",0.0485680348422859,0.230721038842693,0.5599726620344,0.223317006492767,0.0506321904544937,0.0116186353798838,0.000170862284998291,"Coire nan Laogh",0,"Lower",20,90,8.84,16
"158",165,"parr_165_calibrated_control",0.161277550481721,0.0677184189543228,0.81598131905684,0.0971636860690284,0.0452785055245472,0.0237498576147625,0,"Coire nan Laogh",0,"Lower",25,88,7.25,24
"159",166,"parr_166_calibrated_control",0.0689586907747129,0.234081330447659,0.632133500398679,0.129741428408703,0.0641872650643581,0.00484109807495159,0,"Coire nan Laogh",0,"Lower",25,87,7.9,16
"160",167,"parr_167_calibrated_control",0.0316088161541507,0.425560997835744,0.199054562023009,0.407164825150928,0.0212438774347876,0.000683449139993166,0,"Coire nan Laogh",0,"Lower",30,75,4.53,4
"161",168,"parr_168_calibrated_control",0.190642734591527,0.161464859323385,0.64198655883358,0.174564301173254,0.0653263469643467,0.0338876865246611,0.000284770474997152,"Coire nan Laogh",0,"Lower",35,117,16.97,16
"162",169,"parr_169_calibrated_control",0.101887290484361,0.14802369290352,0.579223146144208,0.272639252762274,0.0415764893495842,0.0161180088848388,0,"Coire nan Laogh",0,"Lower",40,94,10.27,29
"163",170,"parr_170_calibrated_control",0.214002903523822,0.0674336484793257,0.734593917302654,0.121824809203782,0.0567262786194327,0.100239207198998,0,"Coire nan Laogh",0,"Lower",40,99,10.72,24
"164",171,"parr_171_calibrated_control",0.201662927279926,0.0385579223146144,0.880282492311197,0.0272240574097278,0.021300831529787,0.0773436610092266,0,"Coire nan Laogh",0,"Lower",70,101,12.03,3
"165",172,"parr_172_calibrated_control",0.166358717170384,0.155484679348445,0.782207540722178,0.056498462239435,0.0517143182594829,0.0059801799749402,0,"Coire nan Laogh",0,"Lower",70,112,14.72,16
"166",173,"parr_173_calibrated_control",0.288504685231622,0.0120742681398793,0.793313589247067,0.00877093062991229,0.0767741200592323,0.159243649618408,0,"Coire nan Laogh",0,"Lower",75,104,12.46,28
"167",174,"parr_174_calibrated_control",0.291012273987066,0.0600296161293997,0.807096480236929,0.00677753730493222,0.0247750313247522,0.148251509283517,0,"Coire nan Laogh",0,"Lower",80,104,12.21,10
"168",175,"parr_175_calibrated_control",0.226144912234394,0.083096024604169,0.794623533432054,0.0284770474997152,0.0620230094543798,0.0909556897140904,0.000569540949994305,"Coire nan Laogh",0,"Lower",80,99,10.24,5
"169",176,"parr_176_calibrated_control",0.192094496502574,0.227930288187721,0.614477730948855,0.156054220298439,0.0342294110946577,0.0462467251395375,0.00187948513498121,"Coire nan Laogh",0,"Lower",90,112,14.75,14
"170",177,"parr_177_calibrated_control",0.15553649201531,0.0694839958993052,0.628944071078711,0.318202528761818,0.0306413031096936,0.0385579223146144,0,"Coire nan Laogh",0,"Lower",90,97,9.94,14
"171",178,"parr_178_calibrated_control",0.1810083146364,0.127064585943729,0.786194327372138,0.059801799749402,0.0534229411094658,0.0329764210046702,0.000170862284998291,"Coire nan Laogh",0,"Lower",95,91,7.99,29
"172",179,"parr_179_calibrated_control",0.267190180810347,0.0315525686296845,0.859266431256407,0.0033602916049664,0.0959106959790409,0.0478414397995216,0,"Coire nan Laogh",0,"Lower",125,104,14.17,16
"173",181,"parr_181_calibrated_control",0.21684043816814,0.0353684929946463,0.807267342521927,0.060599157079394,0.03599498803964,0.123533432053765,0.000569540949994305,"Coire nan Laogh",0,"Lower",140,100,11.59,5
"174",182,"parr_182_calibrated_control",0.0972680480401214,0.164426472263356,0.582355621369176,0.259255040437407,0.0585488096594145,0.0145232942248548,0.00113908189998861,"Coire nan Laogh",0,"Lower",140,89,7.57,5
"175",183,"parr_183_calibrated_control",0.111389732083938,0.229525002847705,0.620799635493792,0.153434331928466,0.0446520104795535,0.0337168242396628,0.000626495044993735,"Coire nan Laogh",0,"Lower",150,105,12.87,5
"176",184,"parr_184_calibrated_control",0.182724033258546,0.15297869916847,0.698769791548012,0.118749288073813,0.0337168242396628,0.0663515206743365,0.00256293427497437,"Coire nan Laogh",0,"Lower",110,115,19.58,5
"177",185,"parr_185_calibrated_control",0.25960142536624,0.0281353229297186,0.7799863310172,0.0122451304248775,0.0498917872195011,0.180088848388199,0.000455632759995444,"Coire nan Laogh",0,"Lower",110,122,19.01,28
"178",186,"parr_186_calibrated_treatment",0.0264616602877128,0.34696434673653,0.11704066522383,0.575748946349243,0.0099100125299009,0.0377605649846224,0.00438546531495615,"Gleann Chaorain",1,"Exp",5,129,27.5,20
"179",187,"parr_187_calibrated_treatment",0.00541111257753728,0.41701788358583,0.115844629228842,0.529730037589703,0.0156054220298439,0.0203326119147967,0.00244902608497551,"Gleann Chaorain",1,"Exp",20,127,21.6,24
"180",188,"parr_188_calibrated_treatment",0.00039593506664907,0.91604966397084,0.0668641075293314,0.0141815696548582,0.0121881763298781,0.0153206515548468,0.00358810798496412,"Gleann Chaorain",1,"Exp",40,105,13.41,21
"181",189,"parr_189_calibrated_treatment",0.00112181602217236,0.850666362911493,0.0510878232144891,0.0772867069142271,0.0140107073698599,0.0451076432395489,0.00421460302995785,"Gleann Chaorain",1,"Exp",55,100,10.25,12
"182",190,"parr_190_calibrated_treatment",0.00138577273327174,0.673823897938262,0.119147966738809,0.251167558947488,0.0143524319398565,0.0283631393097164,0.00324638341496754,"Gleann Chaorain",1,"Exp",60,118,17.54,3
"183",191,"parr_191_calibrated_treatment",0.00145176191104659,0.67598815354824,0.236701218817633,0.132133500398679,0.0386148764096138,0.0119603599498804,0.000854311424991457,"Gleann Chaorain",1,"Exp",70,123,22.73,24
"184",192,"parr_192_calibrated_treatment",0.00257357793321895,0.61396514409386,0.148821050233512,0.265235220412348,0.0256862968447431,0.02500284770475,0.00199339332498007,"Gleann Chaorain",1,"Exp",75,105,14.12,12
"185",193,"parr_193_calibrated_treatment",0.00296951299986802,0.682594828568174,0.223089190112769,0.135265975623647,0.0257432509397426,0.0104225993848958,0.000170862284998291,"Gleann Chaorain",1,"Exp",80,103,12.67,7
"186",194,"parr_194_calibrated_treatment",0.0113501385772733,0.398906481376011,0.277480350837225,0.393438888256066,0.0221551429547784,0.0120173140448798,0.000854311424991457,"Gleann Chaorain",1,"Lower",25,129,27.71,20
"187",195,"parr_195_calibrated_treatment",0.00250758875544411,0.670691422713293,0.215742111857843,0.158503246383415,0.0414625811595854,0.00956828795990432,0.00153776056498462,"Gleann Chaorain",1,"Lower",25,121,21.18,5
"188",196,"parr_196_calibrated_treatment",0.0351062425762175,0.328909898621711,0.317519079621825,0.430117325435699,0.0175418612598246,0.0100808748148992,0.00182253103998177,"Gleann Chaorain",1,"Lower",45,139,31.76,19
"189",197,"parr_197_calibrated_treatment",0.0115481061105979,0.630083152978699,0.236815127007632,0.170406652238296,0.0389566009796104,0.00421460302995785,0.000683449139993166,"Gleann Chaorain",1,"Lower",50,115,18.86,29
"190",198,"parr_198_calibrated_treatment",0.0112181602217236,0.565611117439344,0.377150017086228,0.106561111743934,0.0318373391046816,0.0157762843148422,0.000854311424991457,"Gleann Chaorain",1,"Lower",55,134,28.38,15
"191",199,"parr_199_calibrated_treatment",0.00481720997756368,0.314101833921859,0.370828112541292,0.428123932110719,0.00569540949994305,0.0132703041348673,0,"Gleann Chaorain",1,"Exp",10,118,20.12,7
"192",200,"parr_200_calibrated_treatment",0.0157054243104131,0.224057409727759,0.583096024604169,0.191935300148081,0.0605422029843946,0.029502221209705,0.000170862284998291,"Gleann Chaorain",1,"Lower",85,116,16.81,11
"193",201,"parr_201_calibrated_treatment",0.00197967533324535,0.777081672172229,0.0817860804191821,0.199168470213008,0.00757489463492425,0,0,"Gleann Chaorain",1,"Lower",85,95,9.6,7
"194",202,"parr_202_calibrated_treatment",0.00362940477761647,0.735277366442647,0.188119375783119,0.131677867638683,0.0226677298097733,0.011903405854881,0.00113908189998861,"Gleann Chaorain",1,"Exp",65,127,22.75,22
"195",203,"parr_203_calibrated_treatment",0.00382737231094101,0.785453924137145,0.135778562478642,0.111060485248889,0.0226677298097733,0.0039298325549607,0.00102517370998975,"Gleann Chaorain",1,"Lower",100,114,15.76,8
"196",204,"parr_204_calibrated_treatment",0.00481720997756368,0.511732543569883,0.160439685613396,0.380339446406197,0.0244902608497551,0.012302084519877,0.00108212780498918,"Gleann Chaorain",1,"Lower",100,110,15.42,4
"197",205,"parr_205_calibrated_treatment",0.00310149135541771,0.586741086684133,0.24900330333751,0.261647112427384,0.0091696092949083,0.00353115388996469,0.00148080646998519,"Gleann Chaorain",1,"Lower",70,107,16.09,7
"198",206,"parr_206_calibrated_treatment",0.00151775108882143,0.652750882788472,0.124330789383757,0.270133272582299,0.0211869233397881,0.0199908873448001,0.000569540949994305,"Gleann Chaorain",1,"Lower",75,115,18.79,5
"199",207,"parr_207_calibrated_treatment",0.00521314504421275,0.555928921289441,0.151554846793484,0.324695295591753,0.0443102859095569,0.0293883130197061,0.00222120970497779,"Gleann Chaorain",1,"Lower",15,122,19.03,12
"200",208,"parr_208_calibrated_treatment",0.0138577273327174,0.352488893951475,0.354596195466454,0.32304362683677,0.0427155712495728,0.0255723886547443,0.000455632759995444,"Gleann Chaorain",1,"Lower",60,109,14.26,12
"201",209,"parr_209_calibrated_treatment",0.100831463639963,0.166419865588336,0.728556783232714,0.13799977218362,0.0398678664996013,0.00569540949994305,0,"Gleann Chaorain",1,"Lower",65,118,20.34,7
"202",210,"parr_210_calibrated_treatment",0.0594562491751353,0.272240574097278,0.697345939173027,0.0293883130197061,0.0559289212894407,0.00330333750996697,0,"Gleann Chaorain",1,"Lower",65,109,14.82,3
"203",211,"parr_211_calibrated_treatment",0.0249439091988914,0.2599954436724,0.506094088164939,0.247180772297528,0.0498348331245017,0.0108782321448912,0.000569540949994305,"Gleann Chaorain",1,"Lower",75,104,14.16,3
"204",212,"parr_212_calibrated_treatment",0.000857859311072984,0.720070623077799,0.152181341838478,0.0966510992140335,0.0599726620344003,0.0288187720697118,0.0052397767399476,"Gleann Chaorain",1,"Lower",130,100,11.94,15
"205",213,"parr_213_calibrated_treatment",0.0388676257093837,0.380396400501196,0.368891673311311,0.286308235562137,0.0300717621596993,0.0143524319398565,0.00148080646998519,"Gleann Chaorain",1,"Lower",135,120,18.51,13
"206",214,"parr_214_calibrated_treatment",0.00112181602217236,0.785624786422144,0.195637316323044,0.0272240574097278,0.0292744048297073,0.0104795534798952,0.00148080646998519,"Gleann Chaorain",1,"Lower",145,124,20.35,15
"207",215,"parr_215_calibrated_treatment",0.00461924244423914,0.623362569768766,0.343376238751566,0.0314386604396856,0.0566123704294339,0.00848616015491514,0,"Gleann Chaorain",1,"Lower",150,110,15.69,29
"208",216,"parr_216_calibrated_control",0.0696845717302362,0.267171659642328,0.396514409386035,0.388882560656111,0.0275088278847249,0.00358810798496412,0,"Eilean Ghuirm",0,"Exp",5,101,11.2,19
"209",217,"parr_217_calibrated_control",0.0348422858651181,0.624843376238752,0.191479667388085,0.219671944412803,0.0420321221095797,0.00660667501993393,0,"Eilean Ghuirm",0,"Exp",40,97,10.28,20
"210",218,"parr_218_calibrated_control",0.0152435000659892,0.795762615332042,0.107244560883928,0.136746782093633,0.0156054220298439,0.00700535368492995,0.000284770474997152,"Eilean Ghuirm",0,"Lower",10,92,8.03,14
"211",220,"parr_220_calibrated_control",0.0509436452421803,0.434388882560656,0.418726506435813,0.165565554163344,0.0535368492994646,0.0111060485248889,0.00102517370998975,"Eilean Ghuirm",0,"Lower",10,92,8.62,18
"212",226,"parr_226_calibrated_control",0.0481720997756368,0.406880054675931,0.401811140220982,0.2400045563276,0.0235789953297642,0.00239207198997608,0.000284770474997152,"Eilean Ghuirm",0,"Lower",50,101,11.58,9
"213",228,"parr_228_calibrated_control",0.0650653292859971,0.224285226107757,0.577058890534229,0.235619091012644,0.0203895660097961,0.042202984394578,0,"Eilean Ghuirm",0,"Exp",35,103,13.64,30
"214",229,"parr_229_calibrated_control",0.0661871453081695,0.389281239321107,0.425788814215742,0.193245244333068,0.0656680715343433,0.0149219728898508,0,"Eilean Ghuirm",0,"Exp",55,88,7.29,11
"215",230,"parr_230_calibrated_control",0.00494918833311337,0.752705319512473,0.111117439343889,0.166135095113339,0.00746098644492539,0.0162319170748377,0.00637885863993621,"Eilean Ghuirm",0,"Exp",55,77,4.34,26
"216",231,"parr_231_calibrated_control",0.0110201926883991,0.923453696320765,0.0305273949196947,0.0740403234992596,0.0182822644948172,0,0,"Eilean Ghuirm",0,"Exp",70,85,5.73,18
"217",235,"parr_235_calibrated_control",0.0398574633760063,0.661350951133386,0.184132589133159,0.18498690055815,0.0260280214147397,0.000683449139993166,0,"Eilean Ghuirm",0,"Lower",60,82,5.88,2
"218",237,"parr_237_calibrated_treatment",0.0868417579516959,0.272810115047272,0.180373618863196,0.568629684474314,0.01799749401982,0.0280214147397198,0.00273379655997266,"Scardroy",1,"Lower",85,120,19.7,12
"219",238,"parr_238_calibrated_treatment",0.0869077471294708,0.424478870030755,0.331529786991685,0.30595739833694,0.0371910240346281,0.00609408816493906,0.000398678664996013,"Scardroy",1,"Lower",75,122,20.02,6
"220",239,"parr_239_calibrated_treatment",0.111983634683912,0.213293085772867,0.471238182025288,0.335801344116642,0.024604169039754,0.0592892128944071,0.000968219614990318,"Scardroy",1,"Exp",30,122,22.13,5
"221",240,"parr_240_calibrated_treatment",0.00310149135541771,0.799350723317007,0.163913885408361,0.0354824011846452,0.0427725253445723,0,0,"Scardroy",1,"Lower",35,99,11.24,7
"222",241,"parr_241_calibrated_treatment",0.133166160749637,0.167217222918328,0.591866955234081,0.288814215742112,0.0500626495044994,0.0144663401298553,0.000284770474997152,"Scardroy",1,"Lower",10,116,18.75,12
"223",242,"parr_242_calibrated_treatment",0.133628084994061,0.191137942818089,0.505125868549949,0.363082355621369,0.0103656452898963,0.017598815354824,0.000455632759995444,"Scardroy",1,"Exp",40,108,14.48,3
"224",243,"parr_243_calibrated_treatment",0.0975979939289956,0.350438546531496,0.257318601207427,0.451702927440483,0.0121312222348787,0.0193643922998064,0.000911265519990887,"Scardroy",1,"Exp",60,113,16.94,5
"225",245,"parr_245_calibrated_treatment",0.0189388940213805,0.527224057409728,0.195067775373049,0.328511219956715,0.0451076432395489,0.00478414397995216,0.000284770474997152,"Scardroy",1,"Exp",45,104,15.78,29
"226",246,"parr_246_calibrated_treatment",0.0327306321763231,0.452842009340472,0.124558605763754,0.488666135095113,0.0131563959448684,0.0233511789497665,0.00187948513498121,"Scardroy",1,"Lower",135,136,27.12,20
"227",247,"parr_247_calibrated_treatment",0.164379041837139,0.176728556783233,0.75202187037248,0.0855450506891445,0.0365645289896344,0.0162319170748377,0,"Scardroy",1,"Lower",145,128,22.46,14
"228",248,"parr_248_calibrated_treatment",0.107694338128547,0.357159129741428,0.424364961840756,0.234707825492653,0.0512586854994874,0.0543911607244561,0,"Scardroy",1,"Lower",145,113,19.14,21
"229",249,"parr_249_calibrated_treatment",0.0150455325326646,0.652466112313475,0.2499715229525,0.161464859323385,0.041804305729582,0.00256293427497437,0,"Scardroy",1,"Lower",100,109,14.12,15
"230",250,"parr_250_calibrated_treatment",0.229312392767586,0.0775714773892243,0.557580590044424,0.276910809887231,0.0280783688347192,0.195808178608042,0.000626495044993735,"Scardroy",1,"Lower",110,123,24.53,19
"231",251,"parr_251_calibrated_treatment",0.222449518279002,0.156452898963435,0.531837339104682,0.238922428522611,0.0361088962296389,0.151668754983483,0.000455632759995444,"Scardroy",1,"Lower",115,125,24.19,20
"232",252,"parr_252_calibrated_treatment",0.160947604592847,0.27201275771728,0.576831074154232,0.218191137942818,0.0211869233397881,0.0163458252648365,0.000284770474997152,"Scardroy",1,"Belowextra",NA,122,23.68,19
"233",253,"parr_253_calibrated_treatment",0.0421670845981259,0.380681170976193,0.554106390249459,0.112199567148878,0.028704863879713,0.0187948513498121,0.00148080646998519,"Scardroy",1,"Belowextra",NA,115,17.54,3
"234",254,"parr_254_calibrated_treatment",0.0847301042629009,0.257603371682424,0.368208224171318,0.437065725025629,0.0187378972548126,0.0211869233397881,0.00227816379997722,"Scardroy",1,"Belowextra",NA,110,17.98,4
"235",255,"parr_255_calibrated_treatment",0.164840966081563,0.107187606788928,0.272297528192277,0.447260508030527,0.00586627178494134,0.296332156282037,0,"Scardroy",1,"Belowextra",NA,123,22.86,5
"236",256,"parr_256_calibrated_treatment",0.215982578857067,0.125242054903748,0.532805558719672,0.310456771841895,0.00757489463492425,0.179576261533204,0.000170862284998291,"Scardroy",1,"Belowextra",NA,124,20.78,1
"237",257,"parr_257_calibrated_control",0.0384716906427346,0.472832896685272,0.194555188518054,0.3899646884611,0.033204237384668,0.00273379655997266,0,"Coire Bhuic",0,"Exp",20,100,11.88,9
"238",258,"parr_258_calibrated_control",0.022568298798997,0.770418043057296,0.13902494589361,0.117496297983825,0.0398678664996013,0.000227816379997722,0,"Coire Bhuic",0,"Lower",80,90,7.99,8
"239",259,"parr_259_calibrated_control",0.00871057146627953,0.909556897140904,0.0542772525344572,0.0558719671944413,0.0236929035197631,0,0,"Coire Bhuic",0,"Lower",80,82,5.28,30
"240",260,"parr_260_calibrated_control",0.0789890457964894,0.386205718191138,0.201275771727987,0.453696320765463,0.0284200934047158,0.0052397767399476,0,"Coire Bhuic",0,"Lower",60,107,12.35,14
"241",261,"parr_261_calibrated_control",0.0714662795301571,0.361487640961385,0.203269165052967,0.49595625925504,0.0100808748148992,0.00512586854994874,0,"Coire Bhuic",0,"Exp",25,89,7.43,4
"242",262,"parr_262_calibrated_control",0.0317407945097004,0.492709875840073,0.0870828112541292,0.48200250598018,0.0124729468048753,0.00148080646998519,0,"Coire Bhuic",0,"Exp",30,98,9.29,2
"243",263,"parr_263_calibrated_control",0.0947604592846773,0.151839617268482,0.266659072787333,0.603086911948969,0.034798952044652,0.0268823328397312,0,"Coire Bhuic",0,"Exp",30,102,11.33,19
"244",264,"parr_264_calibrated_control",0.0145176191104659,0.804419637771956,0.073698598929263,0.150301856703497,0.0275657819797243,0.00381592436496184,0,"Coire Bhuic",0,"Lower",0,86,6.79,24
"245",265,"parr_265_calibrated_control",0.0416391711759272,0.378403007176216,0.197801571933022,0.475794509625242,0.0260280214147397,0.00512586854994874,0.000797357329992026,"Coire Bhuic",0,"Exp",45,90,7.8,9
"246",266,"parr_266_calibrated_control",0.0335225023096212,0.352090215286479,0.147568060143524,0.540779132019592,0.016402779359836,0.00113908189998861,0,"Coire Bhuic",0,"Exp",40,95,9.4,9
"247",267,"parr_267_calibrated_control",0.119110465883595,0.250825834377492,0.464688461100353,0.28397311766716,0.0595170292744048,0.030698257204693,0.000797357329992026,"Coire Bhuic",0,"Lower",45,85,7.22,2
"248",268,"parr_268_calibrated_control",0.126633232149927,0.239662831757603,0.270304134867297,0.52796446064472,0.0346280897596537,0.0155484679348445,0,"Coire Bhuic",0,"Lower",45,94,8.58,26
"249",270,"parr_270_calibrated_control",0.10855219743962,0.224513042487755,0.20503474199795,0.584690739264153,0.029502221209705,0.0468732201845313,0.000854311424991457,"Coire Bhuic",0,"Exp",80,104,12.33,19
"250",271,"parr_271_calibrated_control",0.101953279662135,0.337225196491628,0.181170976193188,0.499829137715002,0.013498120514865,0.038899646884611,0.0013099441849869,"Coire Bhuic",0,"Exp",75,100,11,23
"251",273,"parr_273_calibrated_control",0.051471558664379,0.334206629456658,0.136291149333637,0.565212438774348,0.00922656338990773,0.016801458024832,0,"Coire Bhuic",0,"Exp",70,89,8.26,23
"252",274,"parr_274_calibrated_control",0.02764946548766,0.784599612712154,0.113167786763868,0.141132247408589,0.0181114022098189,0,0,"Coire Bhuic",0,"Exp",70,78,5.64,23
"253",276,"parr_276_calibrated_control",0.191698561435925,0.100353115388996,0.404317120400957,0.436268367695637,0.0326916505296731,0.138113680373619,0.000227816379997722,"Coire Bhuic",0,"Lower",15,103,11.95,19
"254",278,"parr_278_calibrated_control",0.107100435528573,0.140505752363595,0.369575122451304,0.521927326574781,0.0177127235448229,0.021300831529787,0,"Coire Bhuic",0,"Lower",25,95,9.16,4
"255",279,"parr_279_calibrated_control",0.173947472614491,0.20395261419296,0.487356190910126,0.296446064472036,0.066294566579337,0.0455063219045449,0,"Coire Bhuic",0,"Lower",20,92,8.05,9
"256",280,"parr_280_calibrated_control",0.123135805727861,0.235562136917644,0.694783004898052,0.0226677298097733,0.0840642442191594,0.01799749401982,0,"Coire Bhuic",0,"Lower",30,88,7.05,26
"257",281,"parr_281_calibrated_control",0.183119968325195,0.163116528078369,0.402779359835972,0.394236245586058,0.0350267684246497,0.0896457455291035,0,"Coire Bhuic",0,"Lower",40,98,9.98,12
"258",282,"parr_282_calibrated_control",0.159231885970701,0.170349698143297,0.578141018339219,0.273778334662262,0.0524547214944754,0.0148650187948514,0,"Coire Bhuic",0,"Lower",85,89,7.57,6
"259",283,"parr_283_calibrated_control",0.175267256169988,0.222861373732771,0.636803736188632,0.14500512586855,0.0373618863196264,0.0250598017997494,0,"Coire Bhuic",0,"Lower",85,97,9.99,15
"260",284,"parr_284_calibrated_control",0.181668206414148,0.170577514523294,0.699168470213008,0.108497550973915,0.0316095227246839,0.0589474883244105,0.00148080646998519,"Coire Bhuic",0,"Lower",75,95,9.08,15
"261",285,"parr_285_calibrated_control",0.103603009106507,0.278220754072218,0.335915252306641,0.417758286820822,0.0308691194896913,0.00239207198997608,0,"Coire Bhuic",0,"Lower",75,78,4.76,22
"262",286,"parr_286_calibrated_control",0.0205226342879768,0.396115730721039,0.145062079963549,0.480464745415195,0.000455632759995444,0.0322360177696776,0.000284770474997152,"Coire Bhuic",0,"Lower",55,89,7.35,9
"263",287,"parr_287_calibrated_control",0.0955523294179755,0.345084861601549,0.197573755553024,0.473174621255268,0.0400387287845996,0.00563845540494362,0,"Coire Bhuic",0,"Lower",65,79,4.64,9
"264",288,"parr_288_calibrated_control",0.0743038141744754,0.380282492311197,0.355051828226449,0.252933135892471,0.0798496411892015,0.0108212780498918,0.000227816379997722,"Coire Bhuic",0,"Lower",35,78,4.43,29
"265",289,"parr_289_calibrated_control",0.114293255906031,0.250085431142499,0.492652921745073,0.265349128602346,0.061396514409386,0.0195922086798041,0.00142385237498576,"Coire Bhuic",0,"Lower",35,86,7.01,6
"266",290,"parr_290_calibrated_treatment",0.00640095024415996,0.413657591980863,0.177241143638228,0.484280669780157,0.0160610547898394,0.0169723203098303,0.00620799635493792,"Glenn Meinnich",1,"Exp",10,122,19.8,4
"267",291,"parr_291_calibrated_treatment",0.00329945888874225,0.475737555530243,0.421460302995785,0.197915480123021,0.0292744048297073,0.00854311424991457,0.000512586854994874,"Glenn Meinnich",1,"Exp",15,129,26.64,30
"268",292,"parr_292_calibrated_treatment",0.0161013593770622,0.304590500056954,0.479496525800205,0.314785283061852,0.021300831529787,0.0128146713748719,0.00256293427497437,"Glenn Meinnich",1,"Lower",95,126,21.7,12
"269",293,"parr_293_calibrated_treatment",0.00679688531080903,0.455518851805445,0.190055815013099,0.414796673880852,0.0111630026198884,0.0199908873448001,0.00210730151497893,"Glenn Meinnich",1,"Lower",60,128,22.73,19
"270",294,"parr_294_calibrated_treatment",0.00521314504421275,0.360291604966397,0.134468618293655,0.583665565554163,0.0105934616698941,0.00318942931996811,0.00102517370998975,"Glenn Meinnich",1,"Exp",45,132,24.83,23
"271",295,"parr_295_calibrated_treatment",0.00983238748845189,0.458651327030414,0.576204579109238,0.0211869233397881,0.0213577856247864,0.0165736416448343,0.00102517370998975,"Glenn Meinnich",1,"Exp",50,121,21.82,30
"272",296,"parr_296_calibrated_treatment",0.00158374026659628,0.907563503815924,0.0545620230094544,0.0282492311197175,0.0149219728898508,0.024604169039754,0.00592322587994077,"Glenn Meinnich",1,"Exp",60,121,22.91,27
"273",297,"parr_297_calibrated_treatment",0.0071928203774581,0.861202870486388,0.129342749743707,0.0404943615445951,0.0154915138398451,0.000284770474997152,0,"Glenn Meinnich",1,"Exp",60,110,15.6,2
"274",298,"parr_298_calibrated_treatment",0.00461924244423914,0.628944071078711,0.194384326233056,0.201674450392983,0.0384440141246156,0.0158901925048411,0.00284770474997152,"Glenn Meinnich",1,"Lower",80,132,24.73,9
"275",299,"parr_299_calibrated_treatment",0.00805067968853108,0.719558036222804,0.117610206173824,0.21699510194783,0.0121312222348787,0.00170862284998291,0.000170862284998291,"Glenn Meinnich",1,"Lower",145,112,18.26,22
"276",300,"parr_300_calibrated_treatment",0.00316748053319256,0.760109351862399,0.187151156168128,0.104795534798952,0.0273949196947261,0.00683449139993166,0.00136689827998633,"Glenn Meinnich",1,"Lower",145,123,20.4,3
"277",301,"parr_301_calibrated_treatment",0.00217764286656988,0.76398223032236,0.117553252078824,0.16203440027338,0.00193643922998064,0.00746098644492539,0.0020503474199795,"Glenn Meinnich",1,"Lower",130,130,24.76,2
"278",302,"parr_302_calibrated_treatment",0.0077867229774317,0.714887800432851,0.156282036678437,0.185556441508144,0.0147511106048525,0.0173709989748263,0.00210730151497893,"Glenn Meinnich",1,"Lower",10,135,26.06,8
"279",303,"parr_303_calibrated_treatment",0.00257357793321895,0.682822644948172,0.142840870258572,0.24695295591753,0.00489805216995102,0.0052397767399476,0.00113908189998861,"Glenn Meinnich",1,"Lower",10,130,25.01,6
"280",304,"parr_304_calibrated_treatment",0.000593902599973604,0.579849641189201,0.249288073812507,0.234309146827657,0.0197630709648024,0.0185100808748149,0.00210730151497893,"Glenn Meinnich",1,"Belowextra",NA,121,19.31,9
"281",305,"parr_305_calibrated_treatment",0.00442127491091461,0.866556555416334,0.090898735619091,0.0758628545392414,0.0197061168698029,0.00233511789497665,0.000455632759995444,"Glenn Meinnich",1,"Belowextra",NA,112,18.51,23
"282",306,"parr_306_calibrated_treatment",0.000923848488847829,0.937806128260622,0.0626495044993735,0.00148080646998519,0.0311538899646885,0.00170862284998291,0.000854311424991457,"Glenn Meinnich",1,"Belowextra",NA,111,16.57,10
